"Nr.,""Firmos pavadinimas"",""šalis"",""Miestas"",""Įmonės kodas"",""PVM kodas"",""Telefonas"",""El. paštas reklaminiams pasiūlymams"",""Kontaktiniai asmenys"",""El. paštas"",""Buh. kodas""";
"1,""12Logistics GmbH"",""Vokietija"",""Kaarst"",""HRB 13938"",""DE292824056"",,,,,";
"2,""A.d.R Transservice GmbH Express &amp";" Kurierdienst"",""Vokietija"",""Krefeld"",""HRB 13597"",""DE277759480"",,,,,"
"3,""ABC LOGISTICS EUROPE GmbH"",""Vokietija"",""Langenau"",""HRB 742166"",""DE341929194"",,,,,";
"4,""ADAMPOL S.A"",""Lietuva"",""Zaścianki k/Białegostoku"",""0000056707"",""PL5420000162"",""+48 85 740 78 60"",,,""adampol@adampolsa.com.pl"",";
"5,""AEP TRANSPORT"",""Lenkija"",""Gniezno"",""384966914"",""PL7842520063"",,,""	Nicefor Stanisław Pacholczyk			"",,";
"6,""AG CAR EUROPE SRL"",""Italija"",""Pagani SA"",""458348"",""IT05592330657"",,,""Sales &amp";" Business Manager	Rosario Sorrentino		sales@agcareurope.it	"",""agcareurope@pec.it"",""61GKEYB"""
"7,""ALB LOGISTICS Sp. z o. o."",""Lenkija"",""Tychy"",""364848395"",""PL6462944046"",,,""Managing Partner	Ewelina Dubicka		e.dubicka@alblogistics.pl	"",""info@alblogistics.pl"",";
"8,""Aleksandras  edgaro klientas"",,,,,,,,,";
"9,""Alfatransa, UAB"",""Lietuva"",""Garliava"",""300066708"",""LT100001345018"",""+37037373494"",,,,";
"10,""AMI HOLDINGS LTD"",""Latvija"",""Ryga"",""40203199742"",""LV40203199742"",,,""	Darwish Logistics Latvia			"",""Orders@darwishlogistics.eu"",";
"11,""ANGLIJOS KELIASMB"",""Lietuva"",""Kaunas"",""305567210"",""LT100013440019"",,,,""anglijoskelias@gmail.com"",";
"12,""Antralita, UAB"",""Lietuva"",""Kaunas"",""304959322"",""LT100012032612"",,,,""svajunas.n@gmail.com"",";
"13,""Argodos logistika, UAB"",""Lietuva"",""Marijampolė"",""303365982"",""LT100008778411"",,,,""info@argodoslogistika.lt"",";
"14,""Artitransa, UAB"",""Lietuva"",""Vilkaviškis"",""305450883"",""LT100013027319"",,,,""Arturasauto22@gmail.com"",";
"15,""Artur Möller GmbH &amp";" Co.KG"",""Vokietija"",""Voerde"",""HRA 6903"",""DE119065578"",,,,,"
"16,""Arvydo Šidarausko individuali įmonė"",""Lietuva"",""Marijampolė"",""36811180262"",,,,""	Arvydas Šidarauskas			"",,";
"17,""Aurida, UAB"",""Lietuva"",,""300638778"",""LT100002904519"",,,""Direktorius	Aurimas Drakšas		aurida.uab@gmail.com	telegram turi"",""aurida.uab@gmail.com"",";
"18,""Auto Transferbaltic UAB"",""Lietuva"",""Šiauliai"",""302492553"",""LT100005293911"",,,""vadybininkas	Rokas Danielaitis			"",""Info@autotransfer.lt"",";
"19,""Autoeda, UAB"",""Lietuva"",""Vilnius"",""304434495"",""LT100015464410"",,,,,";
"20,""AUTOLINK POLAND SP. Z O.O."",""Lenkija"",""Warszawa"",""0001038563"",""PL7011147236"",,,""Freight Forwarder	Mikołaj Narloch		mikolaj.narloch@autolink.pl	"",""info@autolink.pl"",";
"21,""Autolink, UAB"",""Lietuva"",""Vilnius"",""302716955"",""LT100006637316"",,,""Logistics specialist	Tautvydas Papeika		tautvydas.papeika@autolink.lt	laukiu CMR"",,";
"22,""Automyle, IĮ"",""Lietuva"",""Panevėžys"",""304219069"",""LT100010847015"",,,""Direktorius	Irmantas Povilaitis		Automyle@gmail.com	telegram"",""Automyle@gmail.com"",";
"23,""Autotransnet, UAB"",""Lietuva"",""Kaunas"",""304825615"",""LT100011596817"",""+37065220233"",,""	Gintaras		dispo@autotransnet.lt	"",,";
"24,""Avdėjus, UAB"",""Lietuva"",""Ukmergė"",""306241694"",""LT100015926319"",,,""Direktorius	AAntanas Karažantanas		antanas.karaza@gmail.com	"",""antanas.karaza@gmail.com"",";
"25,""Ballauf &amp";" Schopp Logistic GmbH"",""Vokietija"",""Garching"",""HRB 99999 (Amtsgericht München)"",""DE811232830"",,,,,"
"26,""BARTOLA EXPRESS RAFAŁ BIELSKI"",""Lenkija"",""Kołodzież"",""451091269"",""PL5461210815"",""+48 733 003 959"",,,""bartolaexpress@gmail.com"",";
"27,""Bayer und Sohn Speditions GmbH"",""Vokietija"",""Trier-Ehrang"",""HRB 1841"",""DE367701245"",,,,""invoice@bayer-sohn.de"",";
"28,""Belschinger GmbH"",""Vokietija"",""Döhlau"",""HRB 6132"",""DE328056858"",,,,,";
"29,""Bembé Parkett GmbH &amp";" Co. KG"",""Vokietija"",""Bad Mergentheim"",""HRB 480977"",""DE144772100"",,,,,"
"30,""BEPELOG Internationale Spedition GmbH"",""Vokietija"",""Wunstorf / OT Steinhude"",""HRB 217709 (Amtsgericht Hannover)"",""DE198725191"",""+49 5033 9090399"",,""Disponent	Calvin Stünkel		stuenkel@bepelog.de	Disponent	Janine Tadje		tadje@bepelog.de	Geschäftsführer	Yannick Püschel		y.pueschel@bepelog.de	"",,";
"31,""Bigmet Sp. z o.o."",""Lenkija"",""Warszawa"",""(KRS): 0000809965"",""PL7010945661"",,,""vadybininkas	Grzegorz Gas		transport@bigmet.eu	"",""transport@bigmet.eu"",";
"32,""BLAN LOGISTICS SP. Z O.O."",""Lenkija"",""Warszawa"",""KRS 0000975523"",""PL1182114447"",,,,,";
"33,""BLS labeling &amp";" logistic service GmbH"",""Vokietija"",""Wenden"",""HRB 9616 (Amtsgericht Siegen)"",""DE269669190"",""+49 (0) 2762 983880"",,""vadybininkas	Wolfgang Geurtsen		w.geurtsen@b-ls.eu	"",,"
"34,""BMZ Bagger und Transporte GmbH"",""Vokietija"",""Oberkotzau"",""HRB4103"",""DE250316065"",,,,""info@bmz-transporte.de"",";
"35,""Bonustransa UAB"",""Lietuva"",""Utena"",""305306388"",""LT100012801411"",,,""Direktore	Marija Matelienė		marija@bonustransa.lt	"",,";
"36,""BTK Befrachtungs- und Transportkontor GmbH"",""Vokietija"",""Raubling"",""HRB 180 (Traunstein)"",""DE811156427"",,,,,";
"37,""Byload GmbH"",""Vokietija"",""Mindelheim"",""HRB 18896"",""DE333908094"",,,,,";
"38,""C. Steinweg GmbH"",""Vokietija"",""Moers"",""HRB 18780"",""DE119552532"",,,,,";
"39,""CANI-TRANS LOGISTIC` LESZEK WOJTCZYK"",""Lenkija"",""Piotrków Trybunalski"",""100475177"",""PL7712266873"",,,""vadybininkas	Igor Sobczyk			vadybininkas	Tomek			Vadybininkas	Piotr Boguś			"",,";
"40,""Cartop, MB"",""Lietuva"",""Kaunas"",""306661335"",""LT100016733718"",,,,,";
"41,""CF&amp";"S Lithuania, UAB"",""Lietuva"",""Klaipėda"",""303159427"",""LT100008066514"",,,""Vadybininkė	Julija Gedgaudė		Julija.gedgaude@cfs.lt	"",,"
"42,""CRUSAR sp. z o.o. sp. k."",""Lenkija"",""Wrocław"",""0000591161"",""PL8943070320"",,,,""spedycja@crusar.eu"",";
"43,""CSP Cargo Service Plus GmbH"",""Vokietija"",""Hollenbek"",""HRB 24137 (Amtsgericht Lübeck)"",""DE364082026"",,,,,";
"44,""Curt Henne GmbH &amp";" Co. KG"",""Vokietija"",""Bremen"",""HRA 7447"",""DE114414796"",,,,,"
"45,""DACHSER SE"",""Vokietija"",""Öhringen"",""HRB 12711"",""DE815512007"",,,,,";
"46,""Daliaus Miliausko ind.veikla"",""Lietuva"",""Liudvinavas"",""471296"",""LT100001507512"",,,""	Mantas	+37067927975	mantas.kriauciunas1@gmail.com	"",""mantas.kriauciunas1@gmail.com"",";
"47,""Dalina LT, UAB"",""Lietuva"",""Gilužių km. Vilniaus r."",""305936084"",""LT100014525118"",,,""Manager	Jurij Oskolkov			"",,";
"48,""DAMSEN Express Logistik GmbH"",""Vokietija"",""Freilassing"",""HRB 28009"",""DE324984572"",,,,,";
"49,""DanKes Trans, UAB"",""Lietuva"",""Kazlų Rūda"",""304724776"",""LT100011371516"",,,""Direktorius	Dangiras Bielys			telegram"",""dankestrans@gmail.com"",";
"50,""DC Cargo Süd GmbH"",""Vokietija"",""Filderstadt"",""HRB 783688"",""DE327178096"",,,""Disposition	Artur Dudkin		dispo.a@dccargo.de	Disposition	Konstantin Grasser		dispo.rv@dccargo.de	"",""dispo.a@dccargo.de"",";
"51,""DDS EXPRESS Logistik GmbH"",""Vokietija"",""Hamburg"",""HRB 106001"",""DE260915030"",,,,,";
"52,""Delamode Baltics, UAB"",""Lietuva"",""Vilnius"",""300614485"",""LT100002783011"",,,""Business development manager	Vytautas Maziliauskas		Vytautas Maziliauskas 	"",,";
"53,""Deltra, UAB"",""Lietuva"",""Ukmergė"",""300132407"",""LT100001886814"",""+37068560522"",,""Transport management	Edvinas Kelbauskas	+37068555117	transport3@deltra.lt	"",,";
"54,""Dim group, UAB"",""Lietuva"",""Vilnius"",""304159782"",""LT100009902813"",,,,,";
"55,""DMI TRANS I K E"",""Graikija"",""??????"",""DMI TRANS I K E"",""EL802045353"",,,""Direktorius	Alex			"",""dmitranspc@gmail.com"",";
"56,""Dolama, UAB"",""Lietuva"",""Klaipėda"",""303106467"",""LT100007903911"",,,""transporto vadybininkas	Žymantas Butkus		zymantas@dolama.lt	Direktorius	Domantas Butkus			"",,";
"57,""Dolausa, MB"",""Lietuva"",""Kaunas"",""304784969"",""LT100013478218"",,,""Direktorius	Laurynas Čeikauskas		dolausa.lt@gmail.com	"",""dolausa.lt@gmail.com"",";
"58,""Donlina, UAB"",""Lietuva"",""Marijampolė"",""306163181"",""LT100015380813"",,,""vadybininkas	Donatas			telegram"",""uabdonlina@gmail.com"",";
"59,""Dpmotors, UAB"",""Lietuva"",""Vilnius"",""306064607"",""LT100014907317"",,,""direktorius	Dominykas Papreckis		info@dpmotors.lt	"",""info@dpmotors.lt"",";
"60,""DUVENBECK Kraftverkehr GmbH &amp";" Co. Spedition KG"",""Vokietija"",""Rheda-Wiedenbrück"",""HRA 5519"",""DE121002914"",,,,,"
"61,""Edvino Jankeliūno Individuali įmonė"",""Lietuva"",""Kalvarija"",""192100-1083521"",,,,,""edvinasedvinas991@gmail.com"",";
"62,""EGETRANS  SARL"",""Prancūzija"",""Créteil"",""SIREN: 32192157900033"",""FR60321921579"",,,,""egetrans@orange.fr"",";
"63,""Eiland Car Lease BV"",""Olandija"",""Denekamp"",""52363082"",""NL850411026B01"",,,""vadybininkas	Coen Wesselink		coen@ecl-lease.com	Direktorius	Jonnie Boerman		boerman@ecl-lease.com	"",""info@ecl-lease.com"",";
"64,""Ekstra grupė, UAB"",""Lietuva"",""Marijampolė"",""304887766"",""LT100011794813"",,,,,";
"65,""Essener Ferntransport GmbH"",""Vokietija"",""Essen"",""HRB 348, Amtsgericht Essen"",""DE119825192"",""+49 201 5367780"",,""Disponent	Dennis Golz	+49 201 53677815	d.golz@eft-logistik.de	vadybininkas	Michael Lehmkuhl	+49 201 53677812	m.lehmkuhl@eft-logistik.de	Vadybininkas	Axel Mathew	+49 201 53677823	a.mathew@eft-logistik.de	Vadybininkas	Leo Mathew	+49 201 53677825	leo.mathew@eft-logistik.de	"",,";
"66,""Evagardas, MB"",""Lietuva"",""Kalvarija"",""305227898"",""LT100012649017"",,,,""evaldasbautrenas1986@gmail.com"",";
"67,""F&amp";"L Logistic UAB"",""Lietuva"",""Kaunas"",""302481507"",""LT100005182617"",,,""Logistikos skyriaus vadovė	Kristina Paulaviciene		logistic@fllogistic.lt	"",,"
"68,""Fahrlogistik Wächter GmbH"",""Vokietija"",""Leipzig"",""HRB 63263"",""DE814976542"",,,,,";
"69,""Fast Way LT, UAB"",""Lietuva"",""Kaunas"",""304699853"",""LT100011223419"",""+37060560017"",,,""dispo@fastwaygroup.eu"",";
"70,""FAST WAY PL Sp. z o.o."",""Lenkija"",""Puńsk"",""383490852"",""PL8442366162"",,,""Vadybininkė	Jolanta			"",""dispo@fastwaygroup.eu"",";
"71,""Fintransa, UAB"",""Lietuva"",""Kaunas"",""305971772"",""LT100014674617"",""+370 640 01061"",,""	Tomas Šukys		info@fintransa.lt	"",""info@fintransa.lt"",";
"72,""Focus Logistics, UAB"",""Lietuva"",""Vilnius"",""305230944"",""LT100012622018"",,,""Logistics manager	Aiste Udrenaite		planning@focus-logistics.eu	Logistics manager	Nerijus Lisanka		transport@focus-logistics.eu	"",,";
"73,""Found Solution sp. z o.o."",""Lenkija"",""Sępólno Krajeńskie"",""KRS: 0000987142"",""PL5040080114"",""+48609778105"",,,""k.kaczmarek@found-solution.eu"",";
"74,""Friedrich Zufall GmbH &amp";" Co. KG"",""Vokietija"",""Göttingen"",""HRB 1046 (pagal Vokietijos registrą, Göttingen)"",""DE115309545"",,,,,"
"75,""Frigotransa, UAB"",""Lietuva"",""Vilnius"",""304084917"",""LT100010825519"",,,""Direktorius	Aloiz Simanovič		Frigotransa@gmail.com	"",""Frigotransa@gmail.com"",";
"76,""Gadet, MB"",""Lietuva"",""Klaipėda"",""305422019"",""LT100013172916"",,,""Direktorius	Gintaras Laureckis		traliukas500@gmail.com	"",""traliukas500@gmail.com"",";
"77,""GBY UAB"",""Lietuva"",""Tauragė"",""179435940"",""LT794359418"",,,""Pirkimų vadybininkas / Purchase manager	Gytis Petkevičius		g.petkevicius@gby.lt	"",,";
"78,""GEFCO Deutschland GmbH"",""Vokietija"",""Frankfurt am Main"",""HRB 52157 Mainz"",""DE811122082"",,,""Disponent	Robert EICHEL		robert.eichel@cevalogistics.com	"",,";
"79,""Gindaista, UAB"",""Lietuva"",""Marijampolė"",""151254172"",""LT512541716"",,,,""stanaitiss@gmail.com"",";
"80,""Ginerda, IĮ"",""Lietuva"",""Vilkaviškis"",""302466640"",""LT100005068918"",""+37065216853"",,,""Ginerda@gmail.com"",";
"81,""GKS Kurier Systeme e.K."",""Vokietija"",""Göttingen"",""HRA 200497 (Amtsgericht Göttingen)"",""DE159474385"",""+49 551 38421070"",,,,";
"82,""GL internationaler Logistikservice e.K."",""Vokietija"",""Krumbach"",""HRA 17820"",""DE362449405"",,,,,";
"83,""Godmanta, MB"",""Lietuva"",""Kalvarija"",""305839190"",""LT100014252217"",,,""Direktorius	Mantas  Vaitkevičius		mbgodmanta@gmail.com	"",""mbgodmanta@gmail.com"",";
"84,""Goldema, UAB"",""Lietuva"",""Kaunas"",""304857068"",,,,,,";
"85,""Grupa Transportowa Sp. z o.o."",""Lenkija"",""Piotrków Trybunalski"",""(KRS): 0000367098"",""PL7712852200"",,,,""justyna.dzielinska@grupatransportowa.pl"",";
"86,""HAWA Freight GmbH"",""Vokietija"",""Kehl"",""HRB 707969"",""DE281201361"",,,,,";
"87,""Hegelmann Autotransporte UAB"",""Lietuva"",""Kaunas"",""305568981"",""LT100013357017"",,,""Freight forwarding manager assistant Freight Forwarding Department	Deividas Slepikas	+37065752365	dslepikas@hegelmann.com	"",,";
"88,""Hegelmann Multimodal UAB"",""Lietuva"",""Kaunas"",""305594378"",""LT100013305912"",""+37037308983"",,""Sales Manager	Deividas Kaklauskas	+37037302409	dkaklauskas@hegelmann.com	"",,";
"89,""HODLMAYR ZASTAVA D.O.O."",,""Kragujevac"",""nera numerio klausti įmonės"",""SR102626347"",""+381 34 323239"",,""	Tamara Budjevac	+381 34 323239	Tamara.Budjevac@hoedlmayr.com	"",,";
"90,""Ibiza-Speed Sp. z o.o."",""Lenkija"",""Wolsztyn"",""0000627470"",""PL0000627470"",,,""vadybininkas	Nicefor			vadybininkas	Remigiusz Krysiak			"",""biuro@ibiza-speed.pl"",";
"91,""Inter Log GmbH &amp";" Co. KG"",""Vokietija"",""Überherrn"",""HRB 9137"",""DE813577324"",,,,,"
"92,""Interautos, MB"",""Lietuva"",""Marijampolė"",""304469578"",""LT100010748118"",,,""Direktorius	Povilas Margelevičius		info@interautos.eu	"",""info@interautos.eu"",";
"93,""Intergate Polska"",""Lenkija"",""Kielce"",""427404999"",""PL9591592510"",""0048 574 114 254"",,""- International Logistic Manager	Sara Benryab			"",,";
"94,""ISG Express Logistik GmbH"",""Vokietija"",""Göppingen"",""HRB 538352"",""DE317778050"",,,,,";
"95,""Jura Logistik Pröpster GmbH"",""Vokietija"",""Neumarkt"",""HRB 39906"",""DE349749052"",,,,,";
"96,""K und K Transportgesellschaft mbH"",""Vokietija"",""Lauchhammer"",""HRB 0855 (Amtsgericht Cottbus)"",""DE138897624"",""+49 3574 4652610"",,""Disposition / Accounting	Simone Klein		s.klein@kundklauchhammer.de	"",,";
"97,""Kamilė, UAB"",""Lietuva"",""Karmėlava"",""133470250"",""LT334702515"",,,,,";
"98,""KEVASPED s.r.o."",""Čekija"",""Brno"",""07212917"",""CZ07212917"",,,,,";
"99,""KPT-Kroh GmbH"",""Vokietija"",""Emmerich"",""HRB 16936, Amtsgericht Kleve"",""DE338727000"",""+49 2822 9778847"",,,""info@kpt-kroh.de"",";
"100,""KSK Transport International"",""Prancūzija"",""Poligny"",""53071292600027"",""FR93530712926"",,,,""karim@ksk-transport.com"",";
"101,""KURBADS un Ko"",""Latvija"",""Rīga"",""50003264331"",""LV50003264331"",,,""Head of Baltic logistics Department	Toms Svetins		toms.svetins@kurbads.lv	"",,";
"102,""LAL GmbH (LAL Spedition)"",""Vokietija"",""Wanzleben-Börde"",""HRB 18494 (Amtsgericht Stendal)"",""DE284658781"",""+49 39204 929770"",,,""info@lal-spedition.de"",";
"103,""Legenus, UAB"",""Lietuva"",""Panevėžys"",""303310288"",""LT100008588810"",,,""Logistics manager	Arminas Mikalauskas		arminas.mikalauskas@legenus.com	"",,";
"104,""Liamas, MB"",""Lietuva"",""Tauragė"",""306390243"",""LT100016270811"",,,""Vairas /savininkas	Žydrūnas Maslauskas		info@liamas.lt	"",""info@liamas.lt"",";
"105,""LIFA Logistik GmbH"",""Vokietija"",""Marktredwitz"",""HRB 6211 (Handelsregister Hof)"",""DE334405657"",""+49 9281 5081335"",,,""info@lifa-logistics.de"",";
"106,""Lifentra Int. Expeditie B.V."",""Olandija"",""Wommels"",""KvK: 01120352"",""NL818089167B01"",,,,""info@lifentra.nl"",";
"107,""Logistik Helden KTG GmbH"",""Vokietija"",""Hemmingen"",""(HRB): 30799"",""DE305440117"",""+49 5101 5907860"",,,,";
"108,""Lumbeva UAB"",""Lietuva"",""Alytus"",""304181273"",""LT100014220118"",,,""Direktorius	Lukas Urbonavičius			"",,";
"109,""MA LOGISTICS, S.L.U."",""Ispanija"",""VILANOVA I LA GELTR? (BARCELONA)"",""Reikia  imonės numerio"",""ESB67346684"",,,,,";
"110,""Mabos transportas, UAB"",""Lietuva"",""Marijampolė"",""304279408"",""LT100010248015"",,,""vairuotojas /savininkas	Marius  Šafranauskas			"",""mabostransportas@gmail.com"",";
"111,""Mangida, UAB"",""Lietuva"",""Marijampolė"",""304403304"",""LT100010461711"",,,""	Robertas Marcinkevičius		uabmangida@gmail.com	"",""uabmangida@gmail.com"",";
"112,""MANTRIDA Sp. z o.o."",""Lenkija"",""Suwałki"",""0000342758"",""PL8442319240"",,,,,";
"113,""Manvesta, UAB"",""Lietuva"",""Jurbarkas"",""158297016"",""LT582970113"",""+37044772222"",,""Expedition manager	Ramunė Savickienė	+370 447 52 222	Ramune Savickiene | MANVESTA 	"",,";
"114,""MARATHON International Logistics GmbH"",""Vokietija"",""Berlin"",""HRB 152004 B, Berlin"",""DE292406265"",""+49 30 678066590"",,""Junior FTL&lt";"L Trader	Weronika Wojtaś		w.wojtas@emarathon.eu	Country Manager	Magdalena Dal		m.dal@emarathon.de	"",,"
"115,""MARCI Group  UAB"",""Lietuva"",""Kaunas"",""302612910"",""LT100007093415"",""+370-657-70404"",,""Head of Forwarding Department	Paulius Alkovikas		paulius@marcigroup.com	"",,";
"116,""Margo Worldwide Group Sp. z o.o."",""Lenkija"",""Poznań"",""(KRS): 0001110956"",""PL7792409687"",,,,""izabella@margo-worldwide.com"",";
"117,""Mariusz Laskowski Laskowski-Transport"",""Lenkija"",""Głojsce"",""180310063 (REGON)"",""PL6842326780"",""+48 885 051 647"",,,""biuro@laskowskitransport.pl"",";
"118,""MARTIN Spedition &amp";" Logistic e.K."",""Vokietija"",""Koblenz"",""HRA 21854"",""DE815678122"",,,,,"
"119,""Marwerk klussenbedrijf"",""Olandija"",""Rotterdam"",""000038055880"",""NL002495419B03"",,,""Direktorius	Aleksandras			"",""marwerkcars@outlook.com"",";
"120,""Mdtransa, MB"",""Lietuva"",""Marijampolė"",""305558396"",""LT100016078511"",,,,""mdtransltd@yahoo.com"",";
"121,""Mechanas, UAB"",""Lietuva"",""Prienai"",""304953515"",""LT100014379810"",,,,""Maciulaitislukass@gmail.com"",";
"122,""Meta4log GmbH"",""Vokietija"",""Scharbeutz-Gleschendorf"",""HRB 25240 (AG Essen)"",""DE815483762"",,,,,";
"123,""Mikauta, UAB"",""Lietuva"",""Kėdainiai"",""300610490"",""LT100002695110"",,,""Direktorius	Aurimas Mikolaitis		aurimas.mikolaitis@gmail.com	telegram"",""aurimas.mikolaitis@gmail.com"",";
"124,""Mini paslauga, UAB"",""Lietuva"",""Tauragė"",""302892654"",""LT100009547212"",""+37060185495"",,""Vadybininkė	Jolita Gerulienė			"",""minipaslauga@gmail.com"",";
"125,""ML Transportgesellschaft mbH"",""Vokietija"",""Bruchköbel"",""HRB 93376"",""DE273756079"",""+49618142328019"",,,,";
"126,""MP Logistik GmbH"",""Vokietija"",""Rheine"",""HRB 8532 (Amtsgericht Steinfurt)"",""DE815107498"",,,,,";
"127,""Mylios, UAB"",""Lietuva"",""Vilnius"",""300144053"",""LT100002326317"",""+370 5 2628899"",,""	Martynas Bartkus		martynas.bartkus@mylios.lt	"",""info@mylios.lt"",";
"128,""Naber Logistik GmbH"",""Vokietija"",""Speyer"",""HRB 60602"",""DE252457768"",""+49 6232 6491-0"",,,,";
"129,""Network Logistics GmbH"",""Vokietija"",,""HRB 10296 (Handelsregister Mannheim)"",""DE813999718"",,,,,";
"130,""NEUFRA Speditions"",""Vokietija"",""Hamburg"",""HRB 2660 (Amtsgericht Neuss)"",""DE120682142"",,,,,";
"131,""Noerpel SE"",""Vokietija"",""Odelzhausen"",""HRB 204243"",""DE147042215"",""+49 8134 5550 2101"",,""	Leonardo Manuel Peso		leonardo.peso@noerpel.de	"",,";
"132,""Now-Pol Grzegorz Nowiński"",""Lenkija"",""Nowe Miasto Lubawskie"",""REGON 281?496?575"",""PL8771292080"",,,,,";
"133,""NTS Trans &amp";" Service GmbH"",""Vokietija"",""Roßtal"",""HRB 26428"",""DE271442834"",,,,,"
"134,""On Time Logistics, UAB"",""Lietuva"",""Vilnius"",""302337873"",""LT100005122613"",,,,""dainius@ontime.lt"",";
"135,""Orvipal Trans, S.L."",""Ispanija"",""Lorqu? · Murcia"",""77352"",""ESB73744427"",,,""	BRUNO JOSE MARTINEZ		bjmartinez@orvipal.com	"",,";
"136,""OT Autotransport, UAB"",""Lietuva"",""Prienai"",""306668358"",""LT100016626910"",,,""Direktorius	Osvaldas Virbickas		otautotransport@gmail.com	"",""otautotransport@gmail.com"",";
"137,""P.W. WEGA A SP. Z O.O."",""Lenkija"",""Kalisz"",""0000137807"",""PL6181003642"",,,""	Emma Nowak	(+48)507 000 735	emma.nowak@wega-a.pl		Jakub Jankowski	(+48)507 000 919	jakub.jankowski@wega-a.pl	"",,";
"138,""PAWOL Sp. z o.o."",""Lenkija"",""Kłobuck"",""5742078000"",""PL5742078000"",,,,,";
"139,""QUADRUM AUTOMOTIVE Sp. z o.o."",""Lenkija"",""Kowalew"",""(REGON): 301379755"",""PL6080120300"",,,,""admin@quadrum-at.eu"",";
"140,""Raben Trans European Germany GmbH"",""Vokietija"",""Leipheim"",""HRB 10097"",""DE277971929"",,,,,";
"141,""Radanaras MB [Jūsų įmonė]"",""Lietuva"",""Marijampolė  ,Valavičiai"",""305779537"",""LT100014108415"",,,,,";
"142,""Reston Industries, UAB"",""Lietuva"",""Klaipėda"",""305527002"",""LT100013175517"",,,,""Evaldas@reston.eu"",";
"143,""Roel Ottenheim Logistics B.V."",""Olandija"",""LE Roermond"",""KvK78251124"",""NL862104014B01"",,,,,";
"144,""Roond, UAB"",""Lietuva"",""Vilnius"",""304949883"",""LT100013976213"",,,""Direktorius	Mindaugas Meškauskas			vadybininkas	Michal		michal@roond.lt		Rasa Meškauskienė			"",""info@roond.lt"",";
"145,""RPM Europe B.V."",""Olandija"",""Amsterdam"",""75119056"",""NL05150307"",""020 899 1049"",,""Carrier Operations Representative	Jakub Chiszberg		Jakub Chiszberg 	pardavimai	Vladana  Stamenic		vstamenic@rpmmoves.com	Financial Administration Coordinator	Orkun Ozdemirci	020 899 1049	Orkun Özdemirci 	"",,";
"146,""RST Szymon Pawełczyk"",""Lenkija"",""Jarocin"",""REGON 381032358"",""PL6172188783"",,,""Disponent	Adam Łuczak		adam.luczak@rst-spedition.com	"",""info@rst-spedition.com"",";
"147,""RST Transporte GmbH"",""Vokietija"",""Burgau"",""HRB 16785"",""DE305764402"",,,,,";
"148,""Rytva, UAB"",""Lietuva"",""Marijampolė"",""303005938"",""LT100007521914"",,,,""Transport@rytva.lt"",";
"149,""Salvikdus, UAB"",""Lietuva"",""Kalvarija"",""166061318"",""LT660613113"",,,""Transporto vadybininkas	Evaldas  Petrauskas		evaldas@salvikdus.lt	direktorius	Saulius Dulinskas			"",,";
"150,""Saurima, IĮ"",""Lietuva"",""Vilkaviškis"",""304215380"",""LT100011564516"",""+37034252404"",,""Direktorius	Saulius Baltrušis		saurima.auto@gmail.com	telegram"",""saurima.auto@gmail.com"",";
"151,""Schenker Deutschland AG"",""Vokietija"",""Bamberg"",""HRB 101"",""DE811228366"",,,,,";
"152,""SIA Gefco Baltic filialas"",""Lietuva"",""Vilnius"",""302604835"",""LT100006050113"",""+37052051036"",,""Dispatcher	Kestutis Bigelis	+37061676879	kestutis.bigelis@cevalogistics.com					"",,";
"153,""Sigma Trans, UAB"",""Lietuva"",""Tauragė"",""179766335"",""LT797663314"",""+37044672508"",,""Logistics Manager	Ivona Belenis		ivonabelenis@sigmatrans.lt	"",,";
"154,""Simila Trans Sp. z o.o."",""Lenkija"",""Warszawa"",""0001050860"",""PL5214030515"",,,,""dispo@similatrans.eu"",";
"155,""Skorpionas, UAB"",""Lietuva"",""Marijampolė"",""132714417"",""LT327144113"",,,""vadybininkas	Kestutis Skinkys		skinkyskestutis@gmail.com	"",""skinkyskestutis@gmail.com"",";
"156,""Slowaker s. r. o."",""Slovakija"",""Trebišov"",""51139511"",""SK2120615552"",,,,,";
"157,""Spedition Brucker GmbH"",""Vokietija"",""Aalen"",""Amtsgericht Ulm HRB 500702"",""DE188328606"",""+49 7361 92920"",,""Charter	Daniel Gaier		dgaier@spedition-brucker.de	"",""info@spedition-brucker.de"",";
"158,""Spedition Koper GmbH"",""Vokietija"",""Limburgerho"",""HRB 62420"",""DE298060854"",,,,""s.aydin@spedition-koper.de"",";
"159,""Spedition Winterhalter GmbH"",""Vokietija"",""Holzkirchen"",""(HRB): 98387 (München)"",""DE131197761"",,,,,";
"160,""Speed-Trans Wojciech Galara"",""Lenkija"",""Kruszyn Krajeński"",""(REGON): 360439085"",""PL5542373450"",""+48 500 361 654"",,""vadybininkas	Dawid Greger		dawidg.stgalara@gmail.com	"",,";
"161,""Stobar, UAB"",""Lietuva"",""Kaunas"",""303015925"",""LT100009692012"",,,""Head of Business development	Indrė  Čistovaitė			"",,";
"162,""Stobart Automotive CZ s.r.o."",""Čekija"",""Praha 5 ? Radot?n"",""27148297"",""CZ27148297"",""+420?739?019?666"",,""Buhalterija	Anna Okhrimenko	+420?739?019?666	mailto:anna.okhrimenko@eddiestobart.eu	"",""anna.okhrimenko@eddiestobart.eu"",";
"163,""Stobart Automotive Europe NV"",""Belgija"",""Genk"",""BE?0405.855.027"",""BE0405855027"",,,""Transport Manager	Arne Arnauts	+32?89?300?972	mailto:Arne.Arnauts@eddiestobart.eu	"",,";
"164,""STS Logistic"",""Lenkija"",""JASIN"",""0000377305"",""PL7773196380"",""+48 61 89 75 304"",,""International Dispatcher and Forwarder	Sławomir Kania		slawomir.kania@stslogistic.com.pl	buhalterija	Monika Lekowska			"",,";
"165,""STURM Speditions GmbH"",""Vokietija"",""Altdorf"",""HRB 43455 (Amtsgericht Nürnberg)"",""DE369457586"",,,""	Lorenz Sturm		lorenz.sturm@sturm-spedition.com	"",,";
"166,""Tralveža, MB"",""Lietuva"",""Marijampolė  ,Vidgiriai"",""305653321"",""LT100013654011"",,,""Direktorius	Mindaugas Mickus			"",""Info@tralveza.com"",";
"167,""Transandreja, MB"",""Lietuva"",""Prienai"",""303444999"",""LT100008959710"",,,,""transandreja@gmail.com"",";
"168,""TRANSCAT FRANCE"",""Prancūzija"",""Suresnes"",""404 360 505"",""FR12404360505"",,,,,";
"169,""TRANSEURO ADRIA d.o.o."",""Kroatija"",""Pojatno"",""080095487"",""67564739211"",,,""pardavimų vadybininkė	Maja  Rebernišak		maja.rebernisak@transeuro.gcatrans.com	Accounting	Natalija Hren	: +385 (1) 6 06 53 06	natalija.hren@transeuro.gcatrans.com	"",""dispo@transeuro.gcatrans.com"",";
"170,""Transferational Spółka z ograniczoną odpowiedzialnością"",""Lenkija"",""Warszawa"",""5272980736"",""PL5272980736"",,,""manager transport	Alan Žukowski			"",,";
"171,""Translis, UAB"",""Lietuva"",""Marijampolė"",""303166425"",""LT100008088616"",,,""vadybininkas	Aivaras			"",""raimisauto1@gmail.com"",";
"172,""Transpaula, MB"",""Lietuva"",""Jurbarkas"",""304114755"",""LT100009743818"",,,,""Paidelis999@gmail.com"",";
"173,""Transporting Wheels B.V."",""Olandija"",""Zwolle"",""60912332"",""NL854116758B01"",,,,""info@transportingwheels.com"",";
"174,""Transvidma, UAB"",""Lietuva"",""Marijampolė"",""304452917"",""LT100010692411"",""+37034359532"",,""Direktorius	Vidmantas Brusokas		transvidma@gmail.com	"",""transvidma@gmail.com"",";
"175,""UAB Aletrans"",""Lietuva"",""Panevėžys"",""304905883"",""LT100011840114"",,,""Vadybininkė	Ernesta	+37065628292	uabaletrans@gmail.com	"",""uabaletrans@gmail.com"",";
"176,""UAB AXIS AUTO"",""Lietuva"",""Vilnius"",""302709537"",""LT100006602111"",,,""Vadybininkė	Birute Simanaviciute		bsimanaviciute@gmail.com	telegram"",""bsimanaviciute@gmail.com"",";
"177,""UAB Bleiras Logistics"",""Lietuva"",""Vilnius"",""301513603"",""LT100003727016"",""+37038961991"",,""Forwarding manager	Atėnė Giedraitė	+370 684 35180	atene.giedraite@bleiras.lt	"",,";
"178,""UAB Frostis"",""Lietuva"",""Vilnius"",""304918425"",""LT100011908914"",,,""vadyba	Karolis Bareika			"",,";
"179,""UAB Lusona"",""Lietuva"",""Marijampolė"",""302889957"",""LT100009097015"",""+37068223848"",,""vadybininkas	Rytis Tamošiūnas		uablusona@gmail.com	telegram"",""uablusona@gmail.com"",";
"180,""UAB Notis LT"",""Lietuva"",""Vilnius"",""302765297"",""LT100006801913"",,,,""auto@notis.lt"",";
"181,""UAB Royal Tourism"",""Lietuva"",""Palanga"",""302426005"",""LT100005339913"",""+37044579212"",,""Direktorius	Ramunas Jazdauskas		ramunastour@gmail.com	telegram"",""ramunastour@gmail.com"",";
"182,""UAB VOITERA"",""Lietuva"",""Kaunas"",""304537495"",""LT100010970016"",,,""direktorius	Rokas Stancikas			"",""9927199@gmail.com"",";
"183,""Unitralija, UAB"",""Lietuva"",""Vilnius"",""303416512"",""LT100010122217"",,,""Direktorius	Erika Labanovič			telegram"",""unitralija@gmail.com"",";
"184,""VDE Transport, UAB"",""Lietuva"",""Panevėžys"",""304057521"",""LT100009470513"",,,""vadybininkas	Ričardas Dimša		ricardas@vdetransport.eu	Direktorius	Vykintas Andriuškevičius		vykintas@vdetransport.eu	direktorius	Benas Dambrauskas		benas@vdetransport.eu	"",,";
"185,""Viltoma, UAB"",""Lietuva"",""Kalvarija"",""304746349"",""LT100011440714"",,,""vadybininkas	Algirdas		viltoma.algirdas@outlook.com	telegram"",""viltoma.algirdas@outlook.com"",";
"186,""Vin Motors, UAB"",""Lietuva"",""Vilnius"",""306292105"",""LT100016043317"",,,,""ernestas@vinmotors.lt"",";
"187,""VIP LOGISTICS, UAB"",""Lietuva"",""Vilnius"",""302426496"",""LT100004864113"",""+37052602122"",,""vadybininkas	Rolandas Ercius		rolandas@viplogistics.eu	"",""rolandas@viplogistics.eu"",";
"188,""VOITURA CZECH S.R.O."",""Čekija"",""KNEŽMOST"",""11898054"",""CZ11898054"",,,""Branch Manager	Petra Pet?kov?		petra.petakova@voitura.eu	"",,";
"189,""Voitura Polska Sp. z o.o."",""Lenkija"",""Kalisz"",""0000861278"",""PL5272938970"",,,,,";
"190,""VOITURA UAB"",""Lietuva"",""Vilnius"",""304338867"",""LT100010364619"",""+37061581567"",,""Purchase Manager	Mantas Kraugžlys		mantas.kraugzlys@voitura.eu	"",,";
"191,""Vykom, UAB"",""Lietuva"",""Kaunas"",""300132204"",""LT100002562319"",,,""Purchase Manager	Liudas Stojanas		liudas.stojanas@vykom.com	"",""info@vykom.com"",";
"192,""WAREMA Renkhoff SE"",""Vokietija"",""Wertheim-Bettingen"",""HRB 4528 (Registergericht: Würzburg)"",""DE811240418"",,,,,";
"193,""Winner Spedition GmbH &amp";" Co. KG"",""Vokietija"",""Illingen"",""HRA 606 (Handelsregister Iserlohn)"",""DE125572634"",""+49 7042 8143370"",,""	Tobias Gassenmeier		tobias.gassenmeier@winner-spedition.de	"",,"
"194,""Zipmend GmbH"",""Vokietija"",""Hamburg"",""HRB 138973"",""DE304638568"",,,,,";
